measure time,temperature (ºC),air humidity (%),light (lux),water (%),ec (µS),battery (%)
8:27:4 28/3/2024,26.6,35.3,0,29.523368,47.58494,87.04804
9:27:4 28/3/2024,25.6,35.9,0,29.152178,47.247339,87.04804
10:27:4 28/3/2024,24.8,38.4,0,29.236746,46.964704,87.04804
11:27:4 28/3/2024,25.1,39.7,0,29.202933,46.683759,87.04804
12:27:4 28/3/2024,25.1,39.0,10,28.948732,46.374806,87.04804
13:27:4 28/3/2024,25.8,39.0,1750,29.354939,46.145356,87.04804
14:27:4 28/3/2024,25.411186,33.0,9160,29.169101,45.887664,87.04804
15:27:4 28/3/2024,29.791909,14.2,35440,29.169101,45.700824,86.53302
16:27:4 28/3/2024,30.651463,8.4,31340,29.388664,45.660625,86.53302
17:27:4 28/3/2024,33.215296,1.0,36230,29.10138,45.799645,86.53302
18:27:4 28/3/2024,32.325613,1.0,39100,29.270539,46.064212,86.53302
19:27:4 28/3/2024,33.240563,1.0,39390,28.897766,46.434204,86.53302
20:27:4 28/3/2024,32.379667,1.0,39780,28.948732,46.82964,86.53302
21:27:4 28/3/2024,31.800568,2.4,40070,28.948732,47.186901,86.53302
22:27:4 28/3/2024,30.651463,5.4,35000,29.033583,47.406357,86.53302
23:27:4 28/3/2024,28.403925,12.0,11400,28.693494,47.497465,86.53302
0:27:4 29/3/2024,31.8,17.9,1770,28.505683,47.35708,86.53302
1:27:4 29/3/2024,28.5,24.7,0,28.351632,47.070022,86.53302
2:27:4 29/3/2024,27.1,28.3,0,28.214411,46.706173,87.04804
3:27:4 29/3/2024,25.8,33.0,0,28.094128,46.35626,87.04804
4:27:4 29/3/2024,24.8,36.2,0,28.059725,46.023693,87.04804
5:27:4 29/3/2024,23.8,38.5,0,28.248741,45.667931,87.04804
6:27:4 29/3/2024,24.8,38.6,0,28.042517,45.333049,87.04804
7:27:4 29/3/2024,25.8,38.2,0,28.059725,44.953847,87.04804
8:27:4 29/3/2024,25.3,38.6,0,28.505683,44.656342,87.04804
9:27:4 29/3/2024,23.9,42.6,0,28.420141,44.360806,87.04804
10:27:4 29/3/2024,23.6,44.3,0,27.990871,44.084856,87.04804
11:27:4 29/3/2024,23.5,46.2,0,28.214411,43.80011,87.04804
12:27:4 29/3/2024,22.9,47.0,80,28.40302,43.569455,87.04804
13:27:4 29/3/2024,24.254868,44.6,8280,28.042517,43.288038,87.04804
14:27:4 29/3/2024,29.824779,12.5,19830,28.025306,43.070415,86.53302
15:27:4 29/3/2024,32.244108,1.9,32920,28.00809,42.91564,86.014078
16:27:4 29/3/2024,32.646617,1.0,35000,27.973648,42.891614,86.014078
17:27:4 29/3/2024,32.433498,1.0,17580,28.300205,43.029087,86.014078
18:27:4 29/3/2024,32.513827,1.0,38810,28.00809,43.288038,86.014078
19:27:4 29/3/2024,32.189486,1.0,39680,28.231578,43.63224,86.014078
20:27:4 29/3/2024,31.800568,1.0,40070,28.042517,43.975661,86.014078
21:27:4 29/3/2024,31.486612,1.0,40270,27.801199,44.240309,86.014078
22:27:4 29/3/2024,30.682232,1.0,40270,28.059725,44.375004,86.014078
23:27:4 29/3/2024,27.804395,9.3,7490,27.714831,44.343065,86.53302
0:27:4 30/3/2024,25.952931,15.0,3740,27.281611,44.190787,86.53302
1:27:4 30/3/2024,25.7,21.7,0,27.298983,43.926436,86.53302
2:27:4 30/3/2024,24.0,25.9,0,27.003203,43.61828,86.53302
3:27:4 30/3/2024,22.1,29.3,0,26.933468,43.298428,86.53302
4:27:4 30/3/2024,21.4,32.5,0,27.194702,43.004998,86.53302
5:27:4 30/3/2024,20.5,35.6,0,27.229476,42.655505,87.04804
6:27:4 30/3/2024,19.8,38.3,0,27.385788,42.305467,87.04804
7:27:4 30/3/2024,19.2,40.2,0,26.950907,41.954946,87.04804
8:27:4 30/3/2024,20.6,40.4,0,26.985774,41.623975,87.04804
9:27:4 30/3/2024,19.5,42.7,0,27.003203,41.351816,87.04804
10:27:4 30/3/2024,19.0,43.1,0,27.264236,41.002635,87.04804
11:27:4 30/3/2024,19.1,44.8,0,26.968342,40.757356,87.04804
12:27:4 30/3/2024,18.5,45.4,40,27.298983,40.5557,86.53302
13:27:4 30/3/2024,24.989527,32.8,16450,27.038051,40.313094,86.53302
14:27:4 30/3/2024,28.693631,15.5,25550,26.985774,40.142528,86.53302
15:27:4 30/3/2024,33.088218,1.0,33000,27.21209,40.043098,86.014078
16:27:4 30/3/2024,33.540001,1.0,27710,27.437829,40.116845,86.014078
17:27:4 30/3/2024,33.391144,1.0,35610,27.038051,40.35827,86.014078
18:27:4 30/3/2024,33.088218,1.0,38720,27.264236,40.734538,86.014078
19:27:4 30/3/2024,32.298502,1.0,39580,27.316351,41.190034,86.014078
20:27:4 30/3/2024,32.513827,1.0,39780,27.264236,41.657288,86.014078
21:27:4 30/3/2024,32.189486,1.0,40070,27.246858,42.075951,86.014078
22:27:4 30/3/2024,31.37054,1.0,40270,27.489838,42.369821,86.014078
23:27:4 30/3/2024,27.842687,6.9,6380,26.985774,42.509022,86.014078
0:27:4 31/3/2024,29.2,12.9,2200,26.793845,42.441062,86.014078
1:27:4 31/3/2024,26.0,17.8,0,26.793845,42.204056,86.53302
3:27:4 31/3/2024,24.6,22.1,0,26.496487,41.884521,86.53302
4:27:4 31/3/2024,24.7,24.5,0,26.426395,41.547458,86.53302
5:27:4 31/3/2024,24.1,25.5,0,26.408865,41.242791,86.53302
6:27:4 31/3/2024,22.5,29.5,0,26.426395,40.982958,86.53302
7:27:4 31/3/2024,21.7,32.8,0,26.654021,40.724763,86.53302
8:27:4 31/3/2024,20.3,36.0,0,26.426395,40.474669,86.53302
9:27:4 31/3/2024,20.0,38.0,0,26.426395,40.248645,86.53302
10:27:4 31/3/2024,19.4,39.7,0,26.688995,40.011077,86.53302
11:27:4 31/3/2024,19.9,41.0,0,26.496487,39.816298,86.53302
12:27:4 31/3/2024,19.0,42.2,0,26.461447,39.584449,86.53302
13:27:4 31/3/2024,18.7,44.0,70,26.950907,39.429581,86.53302
14:27:4 31/3/2024,23.897282,40.3,13850,26.426395,39.256472,86.53302
15:27:4 31/3/2024,27.095128,20.6,26510,26.881133,39.08725,86.014078
16:27:4 31/3/2024,32.959885,1.0,31030,26.619034,39.002913,85.491094
17:27:4 31/3/2024,33.113733,1.0,26510,26.443922,39.065367,85.491094
18:27:4 31/3/2024,33.564645,1.0,35530,26.636529,39.291033,85.491094
19:27:4 31/3/2024,33.366168,1.0,38620,26.584035,39.635149,85.491094
20:27:4 31/3/2024,32.567106,1.0,39490,26.863682,40.068734,85.491094
21:27:4 31/3/2024,32.567106,1.0,39880,26.933468,40.520026,85.491094
22:27:4 31/3/2024,32.189486,1.0,40070,26.531515,40.910892,85.491094
23:27:4 31/3/2024,31.856845,1.0,40070,26.443922,41.203217,85.491094
0:27:4 1/4/2024,27.95689,3.6,6610,26.671509,41.335278,86.014078
1:27:4 1/4/2024,30.0,9.8,2540,26.268521,41.269195,86.014078
2:27:4 1/4/2024,27.2,15.6,0,25.864065,41.061721,86.014078
3:27:4 1/4/2024,25.2,19.1,0,25.758331,40.783449,86.014078
4:27:4 1/4/2024,23.8,23.6,0,25.881679,40.477908,86.014078
5:27:4 1/4/2024,22.3,26.9,0,26.092843,40.187513,86.014078
6:27:4 1/4/2024,21.0,29.4,0,25.687793,39.934329,86.014078
7:27:4 1/4/2024,20.6,32.4,0,25.952108,39.68274,86.014078
8:27:4 1/4/2024,19.8,34.1,0,25.723067,39.439046,86.014078
9:27:4 1/4/2024,19.6,35.7,0,25.723067,39.215667,86.014078
10:27:4 1/4/2024,18.8,36.9,0,25.77596,39.002913,86.014078
11:27:4 1/4/2024,18.8,37.9,0,25.705431,38.828571,86.53302
12:27:4 1/4/2024,18.9,38.2,0,25.705431,38.624096,86.53302
13:27:4 1/4/2024,18.8,38.7,60,26.215846,38.491457,86.014078
14:27:4 1/4/2024,24.204383,25.2,15320,26.215846,38.337799,86.014078
15:27:4 1/4/2024,25.131605,23.3,14270,25.705431,38.230603,86.014078
16:27:4 1/4/2024,28.070098,13.6,24090,25.7407,38.142011,86.014078
17:27:4 1/4/2024,31.194465,1.4,35440,26.163147,38.160324,85.491094
18:27:4 1/4/2024,30.804586,2.5,36950,25.7407,38.267322,85.491094
19:27:4 1/4/2024,31.828737,1.0,36050,25.687793,38.426846,85.491094
20:27:4 1/4/2024,31.341359,1.0,40070,26.07526,38.648823,85.491094
21:27:4 1/4/2024,31.105525,1.0,39100,25.670153,38.896969,85.491094
22:27:4 1/4/2024,29.28862,4.1,15400,26.022496,39.14984,85.491094
23:27:4 1/4/2024,30.402651,1.3,39880,25.916898,39.306753,85.491094
0:27:4 2/4/2024,27.804395,6.9,9070,25.405268,39.357098,85.491094
1:27:4 2/4/2024,25.908638,12.5,3240,25.687793,39.335064,85.491094
2:27:4 2/4/2024,25.7,17.5,0,25.511283,39.228218,86.014078
3:27:4 2/4/2024,23.7,21.5,0,25.210702,39.059118,86.014078
4:27:4 2/4/2024,22.4,24.5,0,25.440615,38.862755,86.014078
5:27:4 2/4/2024,20.9,28.1,0,25.511283,38.673567,86.014078
6:27:4 2/4/2024,19.6,31.8,0,25.069043,38.497617,86.014078
7:27:4 2/4/2024,19.1,34.1,0,25.387591,38.322467,86.014078
8:27:4 2/4/2024,19.3,35.9,0,25.228401,38.157271,86.014078
9:27:4 2/4/2024,18.4,37.9,0,25.246097,37.989748,86.014078
10:27:4 2/4/2024,17.6,37.3,0,25.440615,37.835066,86.014078
11:27:4 2/4/2024,17.1,39.2,0,25.475954,37.687042,86.014078
12:27:4 2/4/2024,16.6,39.8,0,25.228401,37.572648,86.014078
13:27:4 2/4/2024,15.7,40.3,70,25.35223,37.446616,86.014078
14:27:4 2/4/2024,25.365004,21.3,22600,25.334546,37.315035,85.491094
15:27:4 2/4/2024,26.128609,13.3,25490,25.599567,37.213676,85.491094
16:27:4 2/4/2024,32.646617,1.0,29250,25.263791,37.12447,84.96395
17:27:4 2/4/2024,33.088218,1.0,26450,25.334546,37.189867,84.96395
18:27:4 2/4/2024,33.416072,1.0,35700,25.82883,37.398714,84.96395
19:27:4 2/4/2024,32.908195,1.0,38620,25.65251,37.723239,84.96395
20:27:4 2/4/2024,33.18998,1.0,39290,25.546604,38.102364,84.96395
21:27:4 2/4/2024,32.934066,1.0,39780,25.599567,38.503777,84.96395
22:27:4 2/4/2024,32.959885,1.0,39880,25.599567,38.872083,84.96395
23:27:4 2/4/2024,29.89027,1.1,23100,25.723067,39.168636,85.491094
0:27:4 3/4/2024,28.070098,5.8,9030,25.546604,39.344505,85.491094
1:27:4 3/4/2024,31.2,10.0,2110,25.157595,39.363395,85.491094
2:27:4 3/4/2024,27.7,16.0,0,25.387591,39.240773,85.491094
3:27:4 3/4/2024,25.9,19.8,0,25.015887,39.040374,85.491094
4:27:4 3/4/2024,24.4,23.9,0,24.625571,38.806833,85.491094
5:27:4 3/4/2024,23.8,25.0,0,24.820838,38.574689,85.491094
6:27:4 3/4/2024,23.1,27.2,0,25.015887,38.334732,85.491094
7:27:4 3/4/2024,22.6,29.3,0,24.590046,38.126757,85.491094
8:27:4 3/4/2024,22.7,30.0,0,25.10447,37.959368,85.491094
9:27:4 3/4/2024,21.6,32.0,0,24.874056,37.7776,85.491094
10:27:4 3/4/2024,21.6,33.5,0,24.927257,37.629802,86.014078
11:27:4 3/4/2024,20.7,34.3,0,24.732107,37.494578,86.014078
13:27:4 3/4/2024,19.7,36.7,60,24.732107,37.26134,85.491094
14:27:4 3/4/2024,24.749225,25.4,10780,24.749857,37.139323,85.491094
15:27:4 3/4/2024,27.650091,11.8,22050,25.263791,37.008823,84.96395
16:27:4 3/4/2024,32.134634,1.0,31880,24.714355,36.964439,84.96395
17:27:4 3/4/2024,33.316072,1.0,33900,25.263791,36.999942,84.96395
18:27:4 3/4/2024,32.804195,1.0,36860,24.820838,37.148238,84.96395
19:27:4 3/4/2024,33.316072,1.0,38720,24.891791,37.398714,84.96395
20:27:4 3/4/2024,33.113733,1.0,39290,24.944987,37.705137,84.96395
21:27:4 3/4/2024,33.062653,1.0,39680,25.033608,38.026236,84.96395
22:27:4 3/4/2024,32.051919,1.0,39880,24.944987,38.334732,84.96395
23:27:4 3/4/2024,29.89027,1.5,27990,24.838579,38.562347,84.96395
0:27:4 4/4/2024,28.765059,4.4,9140,24.66109,38.682849,84.96395
1:27:4 4/4/2024,26.849838,10.8,3320,24.483431,38.676661,84.96395
2:27:4 4/4/2024,28.1,16.0,0,24.465656,38.571603,84.96395
3:27:4 4/4/2024,26.4,18.9,0,24.074236,38.393045,84.96395
4:27:4 4/4/2024,25.5,21.0,0,24.376759,38.187809,85.491094
5:27:4 4/4/2024,24.3,24.1,0,23.824813,37.977593,85.491094
6:27:4 4/4/2024,23.7,26.2,0,24.038619,37.7776,85.491094
7:27:4 4/4/2024,22.8,27.7,0,24.038619,37.608735,85.491094
8:27:4 4/4/2024,22.5,29.7,0,24.234446,37.455604,85.491094
9:27:4 4/4/2024,22.7,31.1,0,23.842637,37.31205,85.491094
10:27:4 4/4/2024,22.7,30.8,0,23.842637,37.17202,85.491094
11:27:4 4/4/2024,21.3,32.3,0,24.092042,37.041405,85.491094
12:27:4 4/4/2024,21.7,32.1,0,24.092042,36.931924,85.491094
13:27:4 4/4/2024,21.4,32.8,70,23.842637,36.825713,85.491094
14:27:4 4/4/2024,24.051739,26.7,6370,24.34119,36.728622,84.96395
15:27:4 4/4/2024,26.683702,15.4,14090,24.34119,36.622995,84.96395
16:27:4 4/4/2024,30.244691,4.9,32760,24.092042,36.573222,84.96395
17:27:4 4/4/2024,32.882273,1.0,35530,23.896101,36.570296,84.432525
18:27:4 4/4/2024,32.908195,1.0,34830,23.91392,36.666969,84.432525
19:27:4 4/4/2024,32.620167,1.0,37960,23.96737,36.866981,84.432525
20:27:4 4/4/2024,33.316072,1.0,39290,24.234446,37.09775,84.432525
21:27:4 4/4/2024,32.699356,1.0,39490,24.554514,37.365818,84.432525
22:27:4 4/4/2024,30.985984,1.0,28820,24.34119,37.653892,84.432525
23:27:4 4/4/2024,29.758956,1.9,18930,24.234446,37.856259,84.96395
0:27:4 5/4/2024,28.729394,6.0,11320,24.305614,37.971517,84.432525
1:27:4 5/4/2024,27.135564,10.8,3150,24.163255,37.944188,84.96395
2:27:4 5/4/2024,27.5,32.2,0,40.03772,83.325642,84.96395
3:27:4 5/4/2024,26.0,36.8,0,38.41273,72.300882,84.96395
4:27:4 5/4/2024,25.0,39.5,0,38.049088,67.927186,84.96395
5:27:4 5/4/2024,24.0,41.4,0,37.249942,65.378688,84.96395
6:27:4 5/4/2024,23.3,43.4,0,36.89103,63.512474,84.96395
7:27:4 5/4/2024,22.6,44.5,0,36.78692,62.011282,84.96395
8:27:4 5/4/2024,23.1,45.6,0,36.350297,60.76879,84.96395
9:27:4 5/4/2024,23.3,46.0,0,36.377083,59.775527,84.96395
10:27:4 5/4/2024,23.3,45.9,0,36.188722,58.982237,84.96395
11:27:4 5/4/2024,23.5,47.4,0,35.984699,58.269356,84.96395
12:27:4 5/4/2024,23.8,45.8,0,36.039326,57.657269,84.96395
13:27:4 5/4/2024,23.6,47.7,40,35.55598,57.156684,84.96395
14:27:4 5/4/2024,24.893938,50.4,7160,35.667516,56.696718,84.96395
15:27:4 5/4/2024,28.070098,31.9,26710,35.55598,56.298975,84.96395
16:27:4 5/4/2024,27.533148,28.2,11150,35.471925,56.056288,84.96395
17:27:4 5/4/2024,29.28862,13.3,22600,35.160801,55.917441,84.432525
18:27:4 5/4/2024,32.778064,1.0,37040,35.08946,55.868255,84.432525
19:27:4 5/4/2024,32.433498,1.0,38910,34.946089,55.99802,84.432525
20:27:4 5/4/2024,31.856845,1.0,39680,34.845186,56.217963,84.432525
21:27:4 5/4/2024,32.216826,1.0,39880,35.017889,56.398149,84.432525
22:27:4 5/4/2024,31.486612,1.0,39980,34.510559,56.565334,84.432525
23:27:4 5/4/2024,30.558716,1.0,36770,34.348875,56.56986,84.432525
0:27:4 6/4/2024,28.107616,6.2,6990,34.539843,56.398149,84.432525
1:27:4 6/4/2024,31.1,10.7,1610,34.304598,55.971147,84.432525
2:27:4 6/4/2024,29.1,14.6,0,33.706982,55.263703,84.432525
3:27:4 6/4/2024,27.9,17.2,0,33.494713,54.482325,84.432525
4:27:4 6/4/2024,26.4,20.7,0,33.342138,53.673335,84.96395
5:27:4 6/4/2024,24.6,24.8,0,33.357431,52.948319,84.96395
6:27:4 6/4/2024,24.9,27.1,0,33.019197,52.253994,84.432525
7:27:4 6/4/2024,25.4,26.8,0,33.111811,51.647218,84.96395
8:27:4 6/4/2024,25.3,27.7,0,32.972787,51.11287,84.432525
9:27:4 6/4/2024,24.8,29.0,0,32.599094,50.644788,84.96395
10:27:4 6/4/2024,24.5,30.2,0,32.661671,50.245266,84.96395
11:27:4 6/4/2024,23.5,32.7,0,32.331858,49.868839,84.96395
12:27:4 6/4/2024,22.9,34.1,0,32.457873,49.507112,84.96395
13:27:4 6/4/2024,23.2,34.7,20,32.141989,49.167672,84.96395
14:27:4 6/4/2024,24.3,33.4,2040,32.094366,48.893102,84.96395
15:27:4 6/4/2024,23.845386,48.9,7530,32.52071,48.620066,84.96395
16:27:4 6/4/2024,24.153701,54.4,9390,32.252868,48.406608,84.432525
17:27:4 6/4/2024,24.254868,60.1,14090,32.062583,48.240375,84.96395
18:27:4 6/4/2024,24.845879,58.1,7900,32.078478,48.155547,84.432525
20:27:4 6/4/2024,26.767035,52.2,30950,32.18955,48.0901,84.432525
21:27:4 6/4/2024,26.515415,44.0,10830,32.646038,48.143991,84.432525
22:27:4 6/4/2024,27.95689,33.4,36590,32.252868,48.240375,84.432525
23:27:4 6/4/2024,27.216059,33.4,38810,32.505012,48.336953,84.432525
0:27:4 7/4/2024,26.808503,31.5,13550,32.677297,48.429849,84.432525
1:27:4 7/4/2024,28.0,37.9,2960,32.457873,48.484121,84.432525
2:27:4 7/4/2024,25.8,46.2,0,32.221223,48.418227,84.432525
3:27:4 7/4/2024,24.4,51.1,0,32.536401,48.294435,84.432525
4:27:4 7/4/2024,25.1,51.4,0,32.316074,48.093947,84.432525
5:27:4 7/4/2024,24.9,51.2,0,32.489306,47.898124,84.432525
6:27:4 7/4/2024,24.9,52.0,0,32.030772,47.710731,84.432525
7:27:4 7/4/2024,24.5,53.1,0,32.173704,47.539281,84.432525
8:27:4 7/4/2024,24.7,52.6,0,31.91922,47.376027,84.432525
9:27:4 7/4/2024,24.3,53.0,0,32.110247,47.209556,84.432525
10:27:4 7/4/2024,24.6,54.3,0,32.26868,47.077554,84.432525
11:27:4 7/4/2024,24.2,65.3,0,31.983005,46.930901,84.432525
12:27:4 7/4/2024,24.1,69.4,0,32.15785,46.822148,84.432525
13:27:4 7/4/2024,24.0,71.2,10,31.695129,46.650159,84.432525
14:27:4 7/4/2024,24.1,74.0,1280,31.727221,46.523443,84.432525
15:27:4 7/4/2024,23.845386,76.5,4130,31.759288,46.389648,84.432525
16:27:4 7/4/2024,24.454872,81.9,10520,32.300283,46.278446,84.432525
17:27:4 7/4/2024,24.454872,81.0,7810,32.046681,46.241438,84.432525
18:27:4 7/4/2024,24.454872,80.9,8470,33.706982,46.282149,84.432525
19:27:4 7/4/2024,25.225468,91.3,35180,39.666108,81.096218,84.432525
20:27:4 7/4/2024,26.17216,88.3,37130,38.919547,77.829173,84.432525
21:27:4 7/4/2024,28.330479,76.0,38240,38.343256,73.361284,83.896699
22:27:4 7/4/2024,28.476959,54.8,36680,38.120373,69.816916,83.896699
23:27:4 7/4/2024,27.918933,53.3,33000,37.426146,67.456054,83.896699
0:27:4 8/4/2024,26.557691,57.2,9510,37.249942,65.593482,84.432525
1:27:4 8/4/2024,25.084418,60.2,3650,37.148274,64.279215,83.896699
2:27:4 8/4/2024,25.0,74.0,0,36.576651,63.188121,84.432525
3:27:4 8/4/2024,24.0,82.2,0,36.56342,62.135428,84.432525
4:27:4 8/4/2024,24.1,85.3,0,36.629472,61.051412,84.432525
5:27:4 8/4/2024,23.9,87.2,0,36.350297,60.279756,84.432525
6:27:4 8/4/2024,24.1,88.4,0,36.052958,59.589318,84.432525
7:27:4 8/4/2024,23.5,88.0,0,36.310042,58.986956,84.432525
8:27:4 8/4/2024,23.4,89.1,0,36.052958,58.446765,84.432525
9:27:4 8/4/2024,23.2,88.9,0,35.7646,57.97178,84.432525
10:27:4 8/4/2024,22.7,88.8,0,35.73691,57.532864,84.432525
11:27:4 8/4/2024,23.9,90.6,0,35.888717,57.097272,83.896699
12:27:4 8/4/2024,24.3,90.7,0,35.833652,56.705791,83.896699
13:27:4 8/4/2024,24.0,90.6,30,36.025684,56.366575,84.432525
14:27:4 8/4/2024,25.1,90.9,2500,35.625762,56.137067,84.432525
15:27:4 8/4/2024,23.582751,90.7,5680,36.256224,55.948763,84.432525
16:27:4 8/4/2024,24.749225,93.1,12900,37.109966,57.184125,83.896699
17:27:4 8/4/2024,26.387754,62.1,17890,37.735274,63.066917,83.896699
18:27:4 8/4/2024,28.219525,91.6,38810,37.771887,66.130915,83.896699
19:27:4 8/4/2024,29.356862,37.9,39290,37.476085,65.666988,83.896699
20:27:4 8/4/2024,27.880866,26.9,20180,37.173758,65.065622,83.896699
21:27:4 8/4/2024,28.729394,29.7,40270,37.186483,64.0636,83.896699
22:27:4 8/4/2024,30.712929,21.5,39780,36.813012,63.031609,83.356354
23:27:4 8/4/2024,28.182329,29.0,28970,36.734607,62.120518,83.896699
0:27:4 9/4/2024,27.054567,33.0,9860,36.175191,61.433564,83.896699
1:27:4 9/4/2024,27.1,60.2,2400,35.984699,60.574641,83.896699
2:27:4 9/4/2024,26.1,64.7,0,36.120966,59.670415,83.896699
3:27:4 9/4/2024,25.0,71.8,0,35.957325,58.793796,83.896699
4:27:4 9/4/2024,25.2,79.2,0,35.819862,57.948595,83.896699
5:27:4 9/4/2024,25.0,85.7,0,35.653608,57.197851,83.896699
6:27:4 9/4/2024,25.1,89.0,0,35.471925,56.362065,83.896699
7:27:4 9/4/2024,24.8,90.4,0,35.401616,55.872725,83.896699
8:27:4 9/4/2024,25.1,90.7,0,35.55598,55.565157,83.896699
9:27:4 9/4/2024,24.8,90.8,0,35.260288,55.330059,83.896699
10:27:4 9/4/2024,24.7,91.1,0,35.260288,55.051898,83.896699
11:27:4 9/4/2024,24.8,91.3,0,35.160801,54.814586,83.896699
12:27:4 9/4/2024,24.8,91.4,0,35.132293,54.565201,83.896699
13:27:4 9/4/2024,25.0,91.6,40,35.513996,54.286541,83.896699
14:27:4 9/4/2024,24.5,91.8,840,35.569956,53.966114,83.896699
15:27:4 9/4/2024,24.5,92.0,1290,43.03561,134.714312,83.896699
16:27:4 9/4/2024,25.411186,99.9,33000,40.948872,75.643864,83.896699
17:27:4 9/4/2024,25.503059,79.5,11290,40.103976,68.785731,83.896699
18:27:4 9/4/2024,26.128609,91.2,10040,39.595488,67.580287,83.896699
19:27:4 9/4/2024,25.997073,92.9,17030,39.211277,65.840578,83.896699
20:27:4 9/4/2024,26.767035,92.4,22160,38.908562,64.557502,83.896699
21:27:4 9/4/2024,26.891043,88.2,12100,39.017838,63.329822,83.896699
22:27:4 9/4/2024,25.729941,88.5,16900,38.618495,62.639516,83.896699
23:27:4 9/4/2024,26.084912,84.6,10670,38.697428,62.125488,83.896699
0:27:4 10/4/2024,24.941821,83.4,4060,38.550352,61.586108,83.896699
1:27:4 10/4/2024,25.8,86.4,1730,38.096659,61.085611,83.896699
2:27:4 10/4/2024,25.1,90.1,0,38.238223,60.61827,83.896699
3:27:4 10/4/2024,24.2,90.5,0,37.820541,60.168944,83.896699
4:27:4 10/4/2024,23.7,90.7,0,38.037165,59.617928,83.896699
5:27:4 10/4/2024,23.7,91.4,0,37.92933,59.232853,83.896699
6:27:4 10/4/2024,23.5,92.4,0,37.856909,58.812613,83.896699
7:27:4 10/4/2024,23.9,92.9,0,37.525843,58.418717,83.896699
8:27:4 10/4/2024,24.0,92.9,0,37.463618,58.180854,83.896699
9:27:4 10/4/2024,24.2,93.1,0,37.710808,57.874469,83.896699
10:27:4 10/4/2024,23.5,93.0,0,37.64944,57.689566,83.896699
11:27:4 10/4/2024,24.0,93.2,0,37.30051,57.500655,83.896699
12:27:4 10/4/2024,23.8,93.1,0,37.674022,57.220735,83.896699
13:27:4 10/4/2024,23.6,93.3,50,37.989357,57.698797,83.896699
14:27:4 10/4/2024,23.422584,94.6,7080,37.796237,57.916153,83.896699
15:27:4 10/4/2024,23.845386,94.9,5660,37.989357,58.545038,83.896699
16:27:4 10/4/2024,24.602882,98.3,8900,38.974282,60.773652,83.356354
17:27:4 10/4/2024,27.375571,99.9,29110,38.842382,62.299683,83.356354
18:27:4 10/4/2024,28.032471,49.3,36140,38.674938,62.055946,83.356354
19:27:4 10/4/2024,29.254364,35.2,37960,38.343256,61.734093,83.356354
20:27:4 10/4/2024,28.440493,34.8,25550,38.296696,61.536859,83.356354
21:27:4 10/4/2024,27.95689,34.6,8620,38.013285,61.389348,83.356354
22:27:4 10/4/2024,27.095128,40.4,15240,37.989357,61.183426,83.356354
23:27:4 10/4/2024,25.774846,48.8,6120,37.735274,60.934306,83.356354
0:27:4 11/4/2024,24.989527,60.8,5680,37.92933,60.608572,83.356354
1:27:4 11/4/2024,26.4,70.2,1170,37.538254,60.221916,83.356354
2:27:4 11/4/2024,25.5,80.9,0,37.376027,59.780309,83.356354
3:27:4 11/4/2024,25.2,84.1,0,37.262601,59.351437,83.356354
4:27:4 11/4/2024,24.5,85.9,0,37.199197,59.001114,83.356354
5:27:4 11/4/2024,24.5,90.1,0,37.148274,58.610645,83.356354
6:27:4 11/4/2024,24.7,90.8,0,37.109966,58.320656,83.356354
7:27:4 11/4/2024,24.6,90.9,0,37.0459,58.069254,83.356354
8:27:4 11/4/2024,24.4,91.1,0,37.325727,57.828188,83.356354
9:27:4 11/4/2024,24.4,91.0,0,37.109966,57.680337,83.356354
10:27:4 11/4/2024,24.2,91.1,0,36.903996,57.519058,83.356354
11:27:4 11/4/2024,24.3,91.5,0,36.903996,57.316947,83.356354
12:27:4 11/4/2024,24.2,91.9,0,36.839061,57.156684,83.356354
13:27:4 11/4/2024,24.3,92.0,640,37.148274,57.056176,83.356354
14:27:4 11/4/2024,24.8,92.6,1490,37.109966,56.933068,83.356354
15:27:4 11/4/2024,27.611227,50.7,26320,36.78692,56.769337,83.356354
16:27:4 11/4/2024,28.513323,29.4,14410,36.773857,56.737555,83.356354
17:27:4 11/4/2024,31.312113,7.0,37780,36.773857,56.914852,82.81137
18:27:4 11/4/2024,31.687278,4.1,36230,36.78692,57.307777,82.81137
19:27:4 11/4/2024,32.189486,2.0,38720,36.826042,57.786566,82.81137
20:27:4 11/4/2024,32.379667,5.1,39490,36.865067,58.283343,82.81137
21:27:4 11/4/2024,32.051919,11.1,39880,36.865067,58.845557,82.81137
22:27:4 11/4/2024,31.105525,14.9,40370,36.981561,59.266032,82.81137
23:27:4 11/4/2024,28.219525,19.8,6960,36.91695,59.584551,83.356354
0:27:4 12/4/2024,27.29606,26.0,15510,36.629472,59.560722,83.356354
1:27:4 12/4/2024,25.864193,34.5,3520,36.483811,59.199692,83.356354
2:27:4 12/4/2024,27.3,46.2,0,36.296603,58.68102,83.356354
3:27:4 12/4/2024,26.3,53.7,0,36.148099,58.157586,83.356354
4:27:4 12/4/2024,25.8,65.2,0,36.16165,57.509855,83.356354
5:27:4 12/4/2024,25.1,74.5,0,35.874966,57.037921,83.356354
6:27:4 12/4/2024,25.6,81.9,0,35.943623,56.55176,83.356354
7:27:4 12/4/2024,25.1,86.4,0,35.625762,56.114617,83.356354
8:27:4 12/4/2024,24.7,86.4,0,35.943623,55.770013,83.356354
9:27:4 12/4/2024,24.7,89.4,0,35.833652,55.325633,83.356354
10:27:4 12/4/2024,24.4,90.0,0,35.888717,54.959488,83.356354
11:27:4 12/4/2024,24.3,90.6,0,36.457191,54.731331,83.356354
12:27:4 12/4/2024,24.5,90.8,0,36.483811,54.578298,83.356354
13:27:4 12/4/2024,24.5,91.5,80,36.269694,54.504122,83.356354
14:27:4 12/4/2024,23.948972,92.7,4570,36.695261,54.517205,83.356354
15:27:4 12/4/2024,26.041067,99.9,9960,36.734607,54.67444,82.81137
16:27:4 12/4/2024,27.335876,99.9,32520,36.483811,54.83213,82.81137
17:27:4 12/4/2024,30.865334,13.9,20530,36.296603,54.095788,82.81137
18:27:4 12/4/2024,27.256121,24.9,19500,36.283153,54.447467,82.81137
19:27:4 12/4/2024,30.371212,12.6,33320,36.242744,54.801432,82.81137
20:27:4 12/4/2024,30.558716,12.0,39580,36.202243,55.122409,82.81137
21:27:4 12/4/2024,30.774105,9.7,36050,36.175191,55.392064,82.81137
22:27:4 12/4/2024,30.558716,11.6,24030,36.188722,55.582941,82.81137
23:27:4 12/4/2024,29.626301,15.2,15700,36.175191,55.792326,82.81137
0:27:4 13/4/2024,26.973062,24.0,6120,36.120966,55.935337,82.81137
1:27:4 13/4/2024,28.0,39.8,660,36.025684,55.85038,82.81137
2:27:4 13/4/2024,25.7,56.5,0,35.971017,55.529607,82.81137
3:27:4 13/4/2024,25.8,64.0,0,35.998371,55.117999,82.81137
4:27:4 13/4/2024,25.6,65.4,0,35.709182,54.691939,83.356354
5:27:4 13/4/2024,25.4,68.8,0,35.401616,54.264831,82.81137
6:27:4 13/4/2024,25.1,69.9,0,35.316932,53.914331,83.356354
7:27:4 13/4/2024,25.2,72.6,0,35.44383,53.600389,83.356354
8:27:4 13/4/2024,25.1,76.2,0,35.345198,53.343724,82.81137
9:27:4 13/4/2024,24.5,77.4,0,35.060859,53.04159,83.356354
10:27:4 13/4/2024,24.7,82.9,0,35.302785,52.796048,82.81137
11:27:4 13/4/2024,24.1,84.4,0,34.859628,52.602115,82.81137
12:27:4 13/4/2024,23.7,86.2,0,35.003547,52.346042,83.356354
13:27:4 13/4/2024,22.6,86.6,580,34.787329,52.137076,83.356354
14:27:4 13/4/2024,25.365004,94.8,23440,34.729328,51.908177,82.81137
15:27:4 13/4/2024,26.59983,31.0,9180,35.046545,51.696823,82.81137
16:27:4 13/4/2024,28.800627,18.1,35960,35.003547,51.622433,82.81137
17:27:4 13/4/2024,28.729394,15.5,35530,34.612899,51.676149,82.81137
18:27:4 13/4/2024,29.659592,11.9,38720,34.627483,51.854221,82.261626
19:27:4 13/4/2024,31.428706,1.0,39290,35.046545,52.037069,82.261626
20:27:4 13/4/2024,29.525915,7.1,14370,34.845186,52.492817,82.261626
21:27:4 13/4/2024,27.572246,15.5,35700,34.874061,52.939848,82.81137
22:27:4 13/4/2024,27.688839,18.1,31960,34.845186,53.084041,82.81137
23:27:4 13/4/2024,25.318659,26.2,5770,35.203494,53.105279,82.81137
0:27:4 14/4/2024,26.4,36.9,2610,34.772842,52.948319,82.81137
1:27:4 14/4/2024,25.3,42.8,560,34.642059,52.62737,82.81137
2:27:4 14/4/2024,24.7,46.5,0,34.845186,52.253994,82.81137
3:27:4 14/4/2024,23.5,57.0,0,34.772842,51.833483,82.81137
4:27:4 14/4/2024,23.3,54.0,0,34.671184,51.502808,82.81137
5:27:4 14/4/2024,22.8,59.3,0,34.200985,51.125139,82.81137
6:27:4 14/4/2024,22.0,66.8,0,34.466568,50.729943,82.81137
7:27:4 14/4/2024,22.1,72.1,0,33.97756,50.430509,82.81137
8:27:4 14/4/2024,21.5,76.0,0,33.887664,50.09676,82.81137
9:27:4 14/4/2024,21.2,78.3,0,34.171305,49.824973,82.81137
10:27:4 14/4/2024,21.1,80.0,0,33.706982,49.598289,82.81137
11:27:4 14/4/2024,20.9,80.5,0,33.616202,49.356839,82.81137
12:27:4 14/4/2024,21.2,83.7,0,33.585878,49.120494,82.81137
13:27:4 14/4/2024,21.1,82.9,470,33.932649,48.889191,82.81137
14:27:4 14/4/2024,22.985568,92.1,7320,33.509927,48.70961,82.81137
15:27:4 14/4/2024,30.865334,4.4,26910,33.616202,48.54622,82.261626
16:27:4 14/4/2024,29.185581,5.9,23680,33.646495,48.503518,82.261626
17:27:4 14/4/2024,32.02423,1.0,29180,33.418524,48.68234,82.261626
18:27:4 14/4/2024,32.325613,1.0,35790,33.902667,48.998826,82.261626
19:27:4 14/4/2024,32.778064,1.0,38430,33.722084,49.487313,82.261626
20:27:4 14/4/2024,32.189486,1.0,39580,36.497105,49.761238,82.261626
21:27:4 14/4/2024,31.687278,1.0,40170,36.942827,50.709655,82.261626
22:27:4 14/4/2024,31.884893,1.0,40170,36.760785,51.387571,82.261626
23:27:4 14/4/2024,31.164886,3.7,40170,36.682125,51.643086,82.261626
0:27:4 15/4/2024,27.493933,11.0,5610,36.747701,51.895721,82.261626
1:27:4 15/4/2024,28.8,23.6,1670,36.616283,51.37113,82.81137
2:27:4 15/4/2024,26.3,37.1,0,36.229254,51.26849,82.81137
3:27:4 15/4/2024,24.4,48.6,0,35.861204,50.904755,82.81137
4:27:4 15/4/2024,24.6,63.2,0,35.75076,50.382119,82.81137
5:27:4 15/4/2024,24.4,75.7,0,35.79225,50.024672,82.81137
6:27:4 15/4/2024,22.8,76.7,0,35.457882,49.824973,82.81137
7:27:4 15/4/2024,22.8,81.0,0,35.667516,49.404244,82.81137
8:27:4 15/4/2024,22.7,83.0,0,35.160801,48.732996,82.81137
9:27:4 15/4/2024,22.5,84.2,0,35.415696,48.414354,82.81137
10:27:4 15/4/2024,22.3,84.7,0,34.974836,48.182522,82.81137
11:27:4 15/4/2024,23.1,89.4,0,35.316932,48.0209,82.81137
12:27:4 15/4/2024,22.7,88.8,0,35.103747,47.729819,82.81137
13:27:4 15/4/2024,22.9,89.1,400,35.246104,47.539281,82.81137
14:27:4 15/4/2024,23.897282,96.4,8280,35.060859,47.391189,82.81137
15:27:4 15/4/2024,30.052569,99.9,26580,34.845186,47.270023,82.261626
16:27:4 15/4/2024,28.729394,6.5,21780,35.017889,47.183126,82.261626
17:27:4 15/4/2024,33.215296,1.0,33320,34.830735,47.292718,81.707003
18:27:4 15/4/2024,33.341144,1.0,36320,35.260288,47.489866,81.707003
19:27:4 15/4/2024,33.139198,1.0,38620,35.23191,47.994016,81.707003
20:27:4 15/4/2024,32.325613,1.0,39490,35.260288,48.476364,81.707003
21:27:4 15/4/2024,31.6588,1.0,39780,35.513996,49.05766,81.707003
22:27:4 15/4/2024,31.63026,1.0,40170,35.429768,49.459608,81.707003
23:27:4 15/4/2024,30.148985,2.0,40270,35.003547,49.729401,81.707003
0:27:4 16/4/2024,27.76599,10.2,9620,35.075164,49.924723,82.261626
1:27:4 16/4/2024,29.0,16.7,1570,34.215813,49.805047,82.261626
2:27:4 16/4/2024,26.5,26.5,0,33.902667,49.384486,82.261626
3:27:4 16/4/2024,25.0,35.6,0,33.601044,48.86573,82.261626
4:27:4 16/4/2024,24.0,44.8,0,33.449023,48.410481,82.261626
5:27:4 16/4/2024,23.1,55.8,0,33.509927,48.013217,82.261626
6:27:4 16/4/2024,22.3,63.5,0,33.585878,47.581134,82.261626
7:27:4 16/4/2024,22.0,68.0,0,33.326837,47.21711,82.261626
8:27:4 16/4/2024,21.7,71.4,0,32.988264,47.554496,82.261626
9:27:4 16/4/2024,22.3,74.2,0,33.280888,47.482268,82.261626
10:27:4 16/4/2024,21.7,73.2,0,32.786473,47.209556,82.261626
11:27:4 16/4/2024,21.2,73.2,0,32.786473,46.99853,82.261626
12:27:4 16/4/2024,21.5,76.2,0,33.173401,46.754772,82.261626
13:27:4 16/4/2024,20.6,75.1,490,32.80204,46.556952,82.261626
14:27:4 16/4/2024,22.70478,92.4,26060,32.833152,46.371096,82.261626
15:27:4 16/4/2024,30.084787,1.0,24930,32.770899,46.245138,81.707003
16:27:4 16/4/2024,28.729394,1.0,23390,32.848697,46.156432,81.707003
17:27:4 16/4/2024,33.18998,1.0,31960,32.988264,46.21555,81.707003
18:27:4 16/4/2024,33.490571,1.0,36770,33.296212,46.434204,81.707003
19:27:4 16/4/2024,33.215296,1.0,38620,33.479491,46.904627,81.707003
20:27:4 16/4/2024,32.985653,1.0,38340,33.676755,47.379817,81.707003
21:27:4 16/4/2024,32.725645,1.0,34920,33.449023,47.764197,81.147383
22:27:4 16/4/2024,30.496515,1.0,38240,33.342138,48.163252,81.707003
23:27:4 16/4/2024,30.804586,1.0,39100,33.019197,48.394992,81.707003
0:27:4 17/4/2024,27.611227,6.9,8490,32.410671,47.963309,81.707003
1:27:4 17/4/2024,29.3,13.6,1970,32.363404,47.871308,81.707003
2:27:4 17/4/2024,26.2,21.4,0,31.903257,47.760376,81.707003
3:27:4 17/4/2024,24.3,29.1,0,31.91922,47.5583,82.261626
4:27:4 17/4/2024,23.4,34.5,0,31.582598,47.024857,82.261626
5:27:4 17/4/2024,22.7,39.2,0,31.550387,46.53461,82.261626
6:27:4 17/4/2024,21.4,44.2,0,31.855327,46.449065,82.261626
7:27:4 17/4/2024,21.2,53.5,0,31.421288,46.104766,82.261626
8:27:4 17/4/2024,22.4,44.8,0,31.356584,45.850969,82.261626
9:27:4 17/4/2024,22.8,43.1,0,31.25934,45.507463,82.261626
10:27:4 17/4/2024,21.9,45.8,0,31.550387,45.278682,82.261626
11:27:4 17/4/2024,22.3,46.4,0,31.080475,45.148467,82.261626
12:27:4 17/4/2024,22.5,48.7,0,31.453601,44.849675,82.261626
13:27:4 17/4/2024,22.2,51.2,430,31.096766,44.867618,82.261626
14:27:4 17/4/2024,23.205913,45.9,6400,31.340393,44.835325,81.707003
15:27:4 17/4/2024,26.215566,22.4,12830,31.534272,44.817394,81.707003
16:27:4 17/4/2024,28.941933,2.2,27580,31.582598,44.842499,81.707003
17:27:4 17/4/2024,32.908195,1.0,35880,31.598693,44.878388,81.147383
18:27:4 17/4/2024,33.062653,1.0,37500,31.29178,44.874797,81.147383
19:27:4 17/4/2024,31.164886,1.0,37410,31.405121,45.213528,81.147383
20:27:4 17/4/2024,32.40661,1.0,39780,31.485889,45.431075,81.147383
21:27:4 17/4/2024,31.601657,1.0,40270,31.791328,45.613163,81.147383
22:27:4 17/4/2024,31.341359,1.0,38530,31.437448,45.594921,81.147383
23:27:4 17/4/2024,29.659592,1.0,12010,31.16187,45.730082,81.707003
0:27:4 18/4/2024,27.918933,1.3,7220,31.356584,45.810638,81.707003
1:27:4 18/4/2024,30.7,7.0,1310,30.786195,45.810638,81.707003
2:27:4 18/4/2024,27.8,11.4,0,30.786195,45.65332,81.707003
3:27:4 18/4/2024,27.1,13.7,0,30.440451,45.463797,81.707003
4:27:4 18/4/2024,25.6,17.5,0,30.341203,45.264195,81.707003
5:27:4 18/4/2024,24.5,20.9,0,30.274926,45.004223,81.707003
6:27:4 18/4/2024,24.8,21.8,0,30.704107,44.731428,81.707003
7:27:4 18/4/2024,24.0,23.4,0,30.489998,44.478073,81.707003
8:27:4 18/4/2024,23.2,27.7,0,30.473488,44.268631,81.707003
9:27:4 18/4/2024,22.3,31.7,0,30.225159,44.046079,81.707003
10:27:4 18/4/2024,22.2,33.1,0,30.374308,43.842178,81.707003
11:27:4 18/4/2024,23.1,31.9,0,30.506503,43.674147,81.707003
12:27:4 18/4/2024,21.3,34.5,0,30.489998,43.541579,81.707003
13:27:4 18/4/2024,22.0,37.2,400,30.058915,43.3747,81.707003
14:27:4 18/4/2024,23.582751,32.3,6000,30.225159,43.198092,81.707003
15:27:4 18/4/2024,30.651463,1.0,28540,29.958909,43.132481,81.147383
16:27:4 18/4/2024,28.90675,1.0,34750,29.992266,43.001557,81.147383
17:27:4 18/4/2024,33.613795,1.0,37320,29.97559,42.987799,81.147383
18:27:4 18/4/2024,33.490571,1.0,36860,30.008936,43.077307,81.147383
19:27:4 18/4/2024,33.735862,1.0,38620,30.324642,43.326148,81.147383
20:27:4 18/4/2024,33.366168,1.0,39390,30.390852,43.663667,80.582644
21:27:4 18/4/2024,32.699356,1.0,39780,30.456972,44.13779,81.147383
22:27:4 18/4/2024,32.379667,1.0,39980,30.572463,44.236769,81.147383
23:27:4 18/4/2024,32.216826,1.0,22320,30.588939,44.385655,81.147383
0:27:4 19/4/2024,28.585746,1.0,6540,30.423923,44.31115,81.147383
1:27:4 19/4/2024,31.1,3.6,2820,29.808542,44.212004,81.147383
2:27:4 19/4/2024,27.7,8.6,0,29.724821,43.908869,81.147383
3:27:4 19/4/2024,26.0,12.5,0,29.5738,43.838671,81.707003
4:27:4 19/4/2024,24.9,15.6,0,29.202933,43.744082,81.707003
5:27:4 19/4/2024,23.6,18.3,0,29.354939,43.367761,81.707003
6:27:4 19/4/2024,24.0,21.1,0,29.304314,43.111782,81.707003
7:27:4 19/4/2024,24.2,20.2,0,29.084438,42.877891,81.707003
